Dataset,MAE,RMSE,R2
Clean,22190.16425496296,26732.835069434874,-0.27955610242314743
