Dataset,MAE,RMSE,R2
Original,39648.6717627492,73354.46096461121,-0.0914694073560336
